,0,1,2,3,4,5,6,7,8,9,10,11,12,13,14,15
IPSCG_E3_P5_IP_k27ac_J19,0.010502655,0.006433811,-0.004285142,0.003535051,0.0156637,0.0027543232,-0.001270216,-0.0066695064,0.0032053739,-0.0076931864,-0.0052807033,-0.0033468846,-0.0033584647,0.0008140076,-0.0009252615,-0.0005549565
IPSCG_E3_P5_IP_k27ac_N17,0.0076040775,0.0054135956,-0.004133716,0.0016635358,0.013242395,0.0016286075,6.394088e-05,-0.0049768165,-0.0016955957,-0.0018577799,0.001657702,-9.445101e-05,0.00012359023,0.006211517,0.0022366866,0.00010851771
IPSCG_E3_P5_IP_k27ac_B23,0.010511003,0.008672889,-0.00206317,0.0030606873,0.009966736,0.0012193993,0.0005398467,-0.004644178,0.0004509017,-0.001170177,-0.0007785931,0.0023718039,-0.0053638685,-0.005228387,0.0032257512,-0.004091963
IPSCG_E3_P5_IP_k27ac_B8,0.010635089,0.006680589,-0.0015301779,0.0029216595,0.0130061265,-6.889552e-05,0.00094304606,-0.00368575,0.0016049966,0.00090133026,-0.00014519691,1.3291836e-05,-0.0018909834,0.0031745974,0.0044775307,-0.0045673624
IPSCG_E3_P5_IP_k27ac_B1,0.006587606,0.002377715,-0.003411077,0.0023895018,0.018609485,-0.003487952,-0.0012261681,-0.000392735,-5.1915646e-05,-0.0017633773,-0.0050599948,-0.0022930615,-0.0014258958,0.0074394722,0.0004261434,-0.0031663775
IPSCG_E3_P5_IP_k27ac_B13,0.008813892,0.009052169,-0.0024454296,-0.00020807236,0.012047441,0.0010984465,0.0031954162,-0.003015399,0.0003728196,-0.00012861565,0.0062118694,0.0015855413,-0.0017787702,0.007174218,0.004671,-0.0007266253
IPSCG_E3_P5_IP_k27ac_J4,0.00855666,0.005806837,-0.005895138,0.0057913773,0.015694575,0.002626948,0.0016183071,-0.0030398965,0.0016968846,-0.003656447,-0.003114827,-0.0037147012,-0.0044554733,0.001963267,0.0008541569,-0.0016679391
IPSCG_E3_P5_IP_k27ac_K16,0.014759775,0.003090728,0.0020806566,0.0023837164,0.013961377,0.0027977005,0.0062174443,-0.0031239018,-0.00014643371,9.6574426e-05,-0.00064810365,-0.001197096,-0.0038974192,0.0008087633,0.0035761371,-0.004973389
IPSCG_E3_P5_IP_k27ac_K2,0.012772493,0.0042216815,-0.0054101795,0.0023696981,0.014863669,0.0007714778,0.004524326,-0.0043291003,-1.6197562e-05,-0.002840925,0.0028392598,-0.001380818,-0.002555374,0.00081846304,0.00043460727,-0.0020387694
IPSCG_E3_P5_IP_k27ac_K20,0.012296062,0.0025202967,-0.0053950474,-0.0009997822,0.014690485,0.0013815612,0.0062601864,-0.003332518,-0.0011922121,0.0008800365,0.0005703345,-0.0018965062,-0.0022022165,0.0028742943,0.0020424724,-0.0027561039
IPSCG_E3_P5_IP_k27ac_B16,0.011860911,0.0062542595,0.001134038,0.0032646284,0.013434243,-0.0013428107,0.0024087764,-0.002090998,-0.0018942133,-0.0009383224,0.0047880784,0.0004205946,-0.0018724427,0.0009894874,0.004742287,-0.003036417
IPSCG_E3_P5_IP_k27ac_K24,0.012480553,0.0054604076,-0.0022422373,0.0033345632,0.012289883,0.00087755173,0.006336199,-0.0025489926,0.0005516559,0.0017381273,0.00037571043,-0.0017750431,-0.0020241067,0.00038011372,0.0047330335,-0.0030864328
IPSCG_E3_P5_IP_k27ac_A15,0.0061269775,0.0063035972,-0.0025756508,0.007711407,0.010383882,0.0046581402,-0.0026931316,-0.0059156194,-0.00464274,-0.001915887,0.0022327527,0.0034572016,-0.0036145952,0.0048236893,0.004302554,0.0016486496
IPSCG_E3_P5_IP_k27ac_B15,0.009397689,0.0044335984,-0.0015310794,0.0038949884,0.00934554,0.0016566217,0.0012114495,-0.0009822845,-0.0017878562,-0.00028518587,0.0034547523,-0.001245305,-0.0029420536,0.0024030935,0.006271139,-0.002689883
IPSCG_E3_P5_IP_k27ac_C15,0.011179518,0.0049424805,-0.0039533526,0.0024688467,0.012168664,0.004092388,0.0020177513,-0.0029985532,-0.0026089698,0.0002914928,-4.181266e-05,-0.0013251249,-0.0037797429,0.00041808002,0.004289292,-0.00063867867
IPSCG_E3_P5_IP_k27ac_D15,0.012584172,0.0019954145,-0.006226942,0.0018987432,0.015534498,0.0034460723,0.0028696992,0.0017575324,-0.0031910166,-0.0022937842,0.001030758,-0.0012272075,-0.0010147765,0.0016091112,0.0013611615,-0.0022585616
IPSCG_E3_P5_IP_k27ac_J15,0.007587161,0.008657116,0.00062484294,0.0071236044,0.011799931,0.0048446283,0.0010503829,-0.006546192,0.0013588518,-0.004937213,-0.00048853457,-0.0013030842,-0.0066602323,0.0025924519,0.0016227439,-0.002727203
IPSCG_E3_P5_IP_k27ac_K15,0.014205713,0.0033850707,-0.0030102134,0.0009205155,0.011728455,-0.00018393248,0.0035384297,-0.00027564913,-0.0023977458,0.002677679,-0.0006452501,0.000109637156,-0.003401257,0.0014082268,0.0005964488,-0.0036135241
IPSCG_E3_P5_IP_k27ac_M15,0.009935092,0.0059830733,-0.002440475,0.001448568,0.0089865755,0.0065575987,-0.0010531135,-0.00064508617,-0.0032252818,-0.0023413748,0.0014109239,0.002679985,-0.004508266,0.0049225604,0.0020700693,-0.0025454983
IPSCG_E3_P5_IP_k27ac_N1,0.012509104,-7.432327e-05,-0.007888891,0.0061357096,0.019861024,-0.0022862777,-0.0014821365,0.0006092936,-0.0030029416,-0.0017321147,0.002040796,-0.0005844105,0.0017071553,0.0021187887,0.007650472,-0.00423304
IPSCG_E3_P5_IP_k27ac_N15,0.016098265,0.004626978,-0.0028040633,0.0043474473,0.011785605,-0.001197271,-0.0028961003,-0.0015091002,-0.001404725,-0.004043877,-0.0025795773,0.0011160467,-0.0066483617,-0.0013628397,0.002377756,-0.0044112653
IPSCG_E3_P5_IP_k27ac_N16,0.013770752,0.0035775043,0.0002905503,0.007059891,0.016570613,-0.0029668584,0.002127722,-6.213784e-06,-0.0011776462,-0.005905345,0.0008932203,-3.863685e-05,-0.001991745,-0.0005202666,0.005662732,-0.0046288148
IPSCG_E3_P5_IP_k27ac_N19,0.011944804,0.0067333616,-0.0012440458,0.0002827309,0.01636691,0.0005770251,0.00046609342,-0.004965596,-0.002826929,-0.0029607154,0.0031143501,-0.00048124045,-0.002017578,0.0045816135,0.002045393,-0.0026061088
IPSCG_E3_P5_IP_k27ac_N20,0.007664308,0.0012563281,-0.0050622523,0.0022810139,0.019025749,0.001110144,0.0040197764,0.0005795732,-0.0007655993,-0.0034987815,0.005502172,-0.0029057935,-0.0032001324,0.005655486,0.004711427,-0.0031581968
IPSCG_E3_P5_IP_k27ac_N21,0.011996318,0.0060495846,-0.0072591007,0.0024654157,0.017025642,-0.00267189,0.0013118908,-0.000639081,-0.0034023076,-0.0015246309,0.006311707,-0.0013760887,0.0017575491,0.003758818,0.006269999,-0.0035986453
IPSCG_E3_P5_IP_k27ac_N23,0.011463821,0.007065039,-0.0018763244,-0.0002955161,0.011089907,-0.0049457476,-0.0007604286,-0.0035271123,-0.006265305,0.0021388233,-0.0011326969,-0.001192512,-0.00091363303,-0.001364965,0.0013685152,-0.0013178214
IPSCG_E3_P5_IP_k27ac_N4,0.008308578,0.0040924437,-0.004174508,0.00075545907,0.010678344,-0.0005091205,0.004462704,-0.0010675788,-0.0010036901,-0.004607372,0.00083019584,-0.00047604926,-0.0032940842,0.0023001144,0.0026293173,-0.002806887
IPSCG_E3_P5_IP_k27ac_N5,0.013286132,0.005761314,-0.006887689,0.0012790672,0.01904351,-0.0005299002,0.006789293,0.0008890629,-0.0012008995,-0.002163671,0.0033306181,-0.0016400665,-0.002930481,0.0018429793,0.0010258704,-0.0033082888
IPSCG_E3_P5_IP_k27ac_N7,0.0058699213,0.005811546,-0.0034486577,0.009530168,0.011186146,-0.0016423836,0.0023203976,-0.0009992272,-0.0041966364,-0.0015209392,0.003187187,-0.0027208012,-0.003663171,0.0046532955,0.009260751,-0.0013219044
IPSCG_E3_P5_IP_k27ac_N8,0.008879036,0.007559214,-0.006295584,0.0034493245,0.0148804365,0.0036173537,0.0033911392,-0.0033448339,0.0007385835,-0.0020947307,0.007267326,-3.068708e-05,-0.001286095,0.0076970137,0.005170651,-0.0033315942
IPSCG_E3_P5_IP_k27ac_O15,0.007802896,0.0044273324,-0.002623804,0.000987988,0.005982646,0.0037635267,0.0027032234,-0.00057557225,-0.0060168505,-0.005217187,0.0025229827,0.0017650072,-0.0055509284,0.005539728,0.0010743886,-0.00087580085
IPSCG_E3_P5_IP_k27ac_P15,0.0067140944,0.0061315335,-0.0036991015,0.0044375844,0.00993309,-0.0013065115,-0.0015131049,-0.0022441745,-0.0010531917,-0.0037821569,0.0030247644,0.00019841082,-0.0044811983,0.0059101824,0.0018547922,-0.0014316887
IPSCG_E3_P5_IP_k27ac_K3,0.012652099,0.0019995868,0.0009480864,0.00039292872,0.012416466,0.0035167858,0.005223479,-0.0042816848,0.0011200681,0.00037454814,0.00022190064,-0.0020125993,-0.002546383,0.00020946376,0.0022867993,-0.0028471276
IPSCG_E3_P5_IP_k27ac_E17,0.00655723,0.008161787,-0.0029312,0.001996506,0.013669356,0.0025445968,0.0015783347,-0.004771121,-0.0017372668,-0.0026880763,-0.0002060309,-0.0010736976,-0.0047573,0.00088036247,7.3604286e-05,-0.0013390854
IPSCG_E3_P5_IP_k27ac_E22,0.011912167,0.006657142,-0.0043355897,0.0043739714,0.0178538,0.004012935,0.0038223471,-0.0068493783,-0.003132984,-0.0016660504,0.0021583587,0.002421219,-0.0058806464,0.00015445799,0.0024288297,-0.0032886118
IPSCG_E3_P5_IP_k27ac_I2,0.011095837,0.0009249784,-0.0060804784,0.0034878403,0.013442847,0.001501061,0.00088658184,-0.00019325316,-0.0013191849,-0.0034866333,0.002007693,-0.00078747235,-0.002977686,0.002738377,0.0042827576,-0.0032324418
IPSCG_E3_P5_IP_k27ac_N2,0.010288324,0.005022969,-0.009914242,0.005192589,0.01999018,-0.003340736,0.0030296743,-0.0011437386,0.0012666509,-0.006132245,0.0033600256,-0.0025158767,-0.003213726,0.0018742234,0.0017369613,-0.004197426
IPSCG_E3_P5_IP_k27ac_I1,0.010659125,0.0032165013,-0.0038436055,0.003629364,0.0156168295,0.002176918,0.00077465177,-0.001006946,-0.0031586438,-0.0015905425,0.0005704537,-0.00075162016,-0.0021072552,0.0026540756,0.0067223236,-0.0031678379
IPSCG_E3_P5_IP_k27ac_P3,0.009903487,0.004475694,-0.0010767654,0.002752591,0.008733086,0.0032595173,0.0020404346,-0.00361114,0.0007004291,-0.0009110421,0.0010585636,-0.0029916875,-0.0005682409,0.0032743365,0.0025768057,-0.0009485781
IPSCG_E3_P5_IP_k27ac_P10,0.0070423,0.002945166,-0.0046261624,0.0035928898,0.008964437,0.0021716058,0.0028877892,-0.001817815,0.00091062486,-0.0039299466,-4.5344234e-05,-0.0014451221,-0.003198471,0.003647402,0.0029189289,0.0006821379
IPSCG_E3_P5_IP_k27ac_C10,0.012305051,0.006996434,-0.004197344,0.0029822476,0.011329337,0.004973866,0.0015015416,-0.004674092,-0.00045193732,-0.0016437285,0.00057253987,-0.00027933344,-0.0042684413,0.003521962,0.0027431175,-0.0015880242
IPSCG_E3_P5_IP_k27ac_C12,0.011114985,0.0036782883,-0.0034369454,0.0002165027,0.010761367,0.0024118721,0.0046125017,-0.0027163327,-0.001806587,-0.0005070865,0.00071413815,-0.0016469155,-0.0037537701,0.0024617761,0.0029283091,-0.0031613186
IPSCG_E3_P5_IP_k27ac_C8,0.01184877,0.006643731,-0.004412584,0.0009560436,0.015043251,0.00389871,0.0019498728,-0.00096609443,0.00015359372,0.0006731637,0.0008213073,-0.0010716598,-0.0030718893,0.0048967507,0.0033606812,-0.0056132004
IPSCG_E3_P5_IP_k27ac_F22,0.010801941,0.0067829527,-0.000976868,0.0018418543,0.007977617,0.0049711317,0.002512619,-0.0053309277,-0.0020394027,-0.005939156,0.004008077,0.00065528974,-0.00588635,0.0007485561,0.0033943728,-0.0005365014
IPSCG_E3_P5_IP_k27ac_M19,0.012019202,0.009220149,0.00070494413,0.002435103,0.011546801,0.0053072646,0.0038470887,-0.003873825,0.0001795739,0.002304785,0.0016378835,0.0015631709,-0.0015190486,0.0046348423,0.0056414455,-0.004469268
IPSCG_E3_P5_IP_k27ac_C11,0.009717684,0.004915882,0.0015222579,0.0031030886,0.011752454,0.0048934594,0.005389476,-0.001858756,-0.0010829121,0.0034542307,0.0008663684,-0.0023677777,-0.0037547536,0.005529291,0.00614959,-0.0062596053
IPSCG_E3_P5_IP_k27ac_I9,0.008206844,0.004538674,-0.0059811324,0.007191345,0.017369838,0.0036089495,-2.9135495e-05,-0.0023973957,0.0016757101,3.162399e-05,0.003408663,-0.0020814706,-0.0012319703,0.00662758,0.0040548146,-0.005106285
IPSCG_E3_P5_IP_k27ac_O13,0.007097438,0.004868794,-0.0019267127,0.0040366575,0.012522797,-0.008048706,0.010121485,0.0012303814,-0.005027011,-0.0021696761,0.006378174,-0.0027292427,-0.0034727138,0.005316058,0.009211466,-0.0056811348
IPSCG_E3_P5_IP_k27ac_F16,0.010662474,0.006263066,0.0030157566,0.005652819,0.007844879,0.002062194,0.0037069283,-0.002377376,-0.0021696016,-0.0046789683,0.004731655,-0.001145672,-0.00492052,0.0022056196,0.0035772622,-0.0025583506
IPSCG_E3_P5_IP_k27ac_I3,0.010148134,0.003061179,-0.00308574,0.0035671517,0.01112407,0.0026240721,-0.00035179406,-0.00038295984,-0.0015591532,0.0010682717,0.0042625815,-0.0024121236,0.0016863625,0.002942564,0.0070804805,-0.0010177642
IPSCG_E3_P5_IP_k27ac_P7,0.006164063,0.002704423,-0.0038781539,0.0014663078,0.01047093,0.0018200353,0.004138693,-0.0027642474,1.9572675e-05,-0.0033895746,0.003226541,-0.0017714445,-0.0023028255,0.004945772,0.0034834817,0.00060182065
IPSCG_E3_P5_IP_k27ac_M8,0.010546681,0.007214155,-0.0016784519,0.0021945909,0.0139934085,0.004152566,0.0015232563,-0.005369097,0.0026208311,0.0009800233,0.0029727742,-0.003536269,-0.0011489969,0.0043645017,0.0035508499,-0.0020557642
IPSCG_E3_P5_IP_k27ac_F15,0.011785749,0.007954795,-0.001783967,0.0045224056,0.0066653304,0.0043836236,0.0019293688,-0.0035933182,-0.0031406134,-0.0068904012,0.0015928,0.00070521235,-0.008154675,-0.0006008856,0.0046451986,-0.0033441186
IPSCG_E3_P5_IP_k27ac_C17,0.009204101,0.006964419,-0.002424404,0.0023292974,0.012665473,0.0016677603,-0.00040584058,-0.005285658,7.867813e-05,-0.0033694915,0.0038802326,-0.0027139708,-0.0018517487,0.0050345007,0.0028176978,-0.00076919794
IPSCG_E3_P5_IP_k27ac_J17,0.005236421,0.0057437606,-0.0061931536,0.004092686,0.014809506,0.006993659,-0.0024916716,-0.003701426,0.002318032,-0.0042701215,-0.00018087775,-0.0018766057,-0.0024917647,0.0031138165,0.001298137,-0.00032094866
IPSCG_E3_P5_IP_k27ac_F7,0.00563496,0.005448263,-0.0030106977,0.0042558424,0.0088316165,0.0023279488,0.0024334379,-0.0042840615,-0.0016025379,-0.005020857,0.0045777857,-0.0033753682,-0.0075208806,0.0050151916,0.0042484105,-0.00047212094
IPSCG_E3_P5_IP_k27ac_J11,0.011308055,0.0046929233,-0.0045472756,0.00489581,0.01879401,0.0038743988,0.0015482455,-0.00050161034,0.0018233135,-0.0014971718,-0.0031020567,-0.002189519,-0.002574578,0.00024475157,0.002877675,-0.004943222
IPSCG_E3_P5_IP_k27ac_P24,0.009072658,0.0064894967,-0.0038960055,0.0027882345,0.010078821,0.0038334355,0.0017307922,-0.0020246282,-0.0023905113,-0.00019062683,0.0055731684,-5.429238e-05,-0.0019983593,0.0048107803,0.008039057,-0.00228215
IPSCG_E3_P5_IP_k27ac_K8,0.012060467,0.00385708,-0.0033495352,0.0028249659,0.016108826,0.00064980984,0.003021162,-0.003671877,0.0017299801,0.0010499097,0.0009248778,-0.0014288556,-0.0011124574,0.003400172,0.002690412,-0.003788285
IPSCG_E3_P5_IP_k27ac_B11,0.009473238,0.005447712,-0.006614618,0.0017754585,0.01563263,0.0010619015,0.0025646687,-0.0012618974,-0.007559195,-0.00057018176,0.0038848072,0.0015358534,-0.0042953975,0.0066842837,0.0059693754,-0.00345888
IPSCG_E3_P5_IP_k27ac_B17,0.005147785,0.006141808,-0.004765965,0.0018125065,0.012868588,0.0014229715,-0.0001741685,-0.0052475557,-0.0010954663,-0.004020039,0.0027965829,-0.0035006814,-0.0019626617,0.005335356,0.0024487898,0.0022644252
IPSCG_E3_P5_IP_k27ac_G1,0.007603951,0.005824629,-0.0012075081,0.0013678111,0.010015818,-6.624311e-05,0.001413729,0.00023110956,-0.00089064986,0.0061967075,-0.002737701,0.002481997,-0.0015529804,0.0037699807,0.0029795468,-0.003912382
IPSCG_E3_P5_IP_k27ac_H15,0.012698069,0.004544366,-0.008621573,0.0037414096,0.010985186,0.004533425,0.003870992,0.0020291656,-0.0018051788,-0.0038797297,0.009553365,0.0034916,-0.004485652,0.004641898,0.0042515174,-0.0037074164
IPSCG_E3_P5_IP_k27ac_B19,0.0072388984,0.008598033,-0.0038065314,0.0016548857,0.010599659,0.0021198392,0.0019175,-0.005098909,-0.000952594,-0.00090325624,0.005766198,-0.0037426148,-0.0030556154,0.00987725,0.00356175,0.0011373609
IPSCG_E3_P5_IP_k27ac_B20,0.0072802976,0.0046998076,-0.0067307875,-0.000754524,0.016955415,0.00022042543,0.0019366704,5.605817e-05,-0.0030220896,-0.0005407892,0.0022704005,-0.0032529775,-0.0025974326,0.007325322,-0.00087654963,-0.0018586293
IPSCG_E3_P5_IP_k27ac_B22,0.012548741,0.0034248792,-0.005674079,0.004910469,0.017647022,0.003992982,0.001006294,-0.002991587,-0.004789375,0.0037349872,0.004139863,-0.00055354275,-0.0019467138,0.0037436532,0.005851537,-0.0020144954
IPSCG_E3_P5_IP_k27ac_B7,0.008727144,0.0031023957,-0.008278459,0.003415767,0.017231885,0.0027551502,0.0027277283,-0.0018531308,-0.0027384385,-2.9053539e-05,0.0047871247,-0.004683282,-0.0003390778,0.0070907013,0.006836176,-0.0011204854
IPSCG_E3_P5_IP_k27ac_D13,0.013328522,0.0047236644,-0.0012872294,0.0022687912,0.013569143,-0.004484825,0.004905008,0.0002661124,-0.0022684485,0.0030385368,0.003158681,-0.0032501929,0.0012784135,-0.00032422692,0.005594,-0.0037689283
IPSCG_E3_P5_IP_k27ac_M13,0.00727896,0.0068377964,-0.0012623742,-0.00043443963,0.00856962,0.004557222,0.010693271,-0.0040471777,-0.0017752424,0.0013271831,0.0020216927,-0.0004637912,-0.0026296638,0.004624266,0.006492719,-0.0036241189
IPSCG_E3_P5_IP_k27ac_P13,0.0100892745,0.0049786754,-0.004099503,0.0023026504,0.009515902,-0.005063042,0.0034417063,-0.0023202896,-0.0045228526,-0.0012637116,0.004598409,-0.003548773,-0.0009791814,0.0019741133,0.0031453222,0.002894424
IPSCG_E3_P5_IP_k27ac_G10,0.005170349,0.0057088174,-0.002160959,0.0004988946,0.0079799015,0.0035240725,0.0031375028,-0.0017295256,-0.0013414398,0.0014157034,0.0037722215,-0.0007730145,-0.0010797568,0.003523117,0.0034777075,-8.222461e-05
IPSCG_E3_P5_IP_k27ac_B10,0.01148371,0.0061240382,-0.007186018,0.0053714514,0.014518957,-0.00096911937,-0.0014839657,-0.002643779,-0.0022671446,-0.0001087226,0.005030237,-0.00071901456,-0.00030644052,0.0016311668,0.0069750845,-0.00043445826
IPSCG_E3_P5_IP_k27ac_G12,0.0071241446,0.009773631,-0.004320517,0.0030679367,0.009882334,0.0040045753,0.0012771785,0.0022992343,-0.0006138012,0.0010877363,-0.0027385503,0.0003644172,-0.0012492537,0.0011590738,0.0033326074,-0.001093328
IPSCG_E3_P5_IP_k27ac_G17,0.0050172918,0.005762089,-0.005922623,0.0033299811,0.0118995495,0.0023825243,-0.0008136891,-0.00084156543,0.0035078824,-0.0014762841,-5.0984323e-05,-0.004348127,-0.0007124096,0.0025443677,-0.0015945695,0.0021579862
IPSCG_E3_P5_IP_k27ac_G2,0.01137602,0.005216118,-0.0045884773,0.0054338053,0.011975786,0.0025445893,0.0012553409,-0.0034276024,0.00021073222,0.0032806695,-0.0028579086,-2.3964792e-05,-0.0039607603,0.00236208,0.002993308,-0.004312858
IPSCG_E3_P5_IP_k27ac_N12,0.007363308,0.004213605,-0.0074792802,-0.0011675954,0.013479593,-0.0015986413,0.0055795163,0.0026779473,-0.0013133138,-9.168312e-05,0.001897715,0.0010297094,-0.00015090778,-0.0014937706,0.0011885092,-0.0011892095
IPSCG_E3_P5_IP_k27ac_E12,0.00581041,0.006856125,-0.0052447245,0.0030539148,0.013727468,0.002774179,0.0069385692,0.0010799617,-0.0009280741,0.0023820475,0.0019282848,-0.0006429404,-0.006980337,0.0028202329,0.00031206757,-0.0031281188
IPSCG_E3_P5_IP_k27ac_C21,0.011578079,0.0073779933,0.00030453503,0.002676826,0.015413127,0.003095679,0.002984751,-0.003489077,-0.00039037317,-0.0008998066,-0.0008966699,-0.0007093884,-0.00463661,0.003363425,0.004881926,-0.0068655536
IPSCG_E3_P5_IP_k27ac_D12,0.007905606,0.0009770431,-0.0051660985,0.002087094,0.014474216,0.0013584346,0.004398728,0.0020311251,0.00012192875,-0.0024873875,-0.0018908232,-0.0007775407,-0.0022565424,-0.0027880128,0.0034369528,-0.0031373203
IPSCG_E3_P5_IP_k27ac_M20,0.008131478,0.0035545342,-0.003697537,0.0005873479,0.014924157,0.0045956224,0.007256523,0.000666447,0.00045949966,0.0020379275,0.003004767,-0.0021010898,-0.0013037138,0.0067106015,0.0030842721,-0.0012901202
IPSCG_E3_P5_IP_k27ac_E8,0.009936012,0.00711355,-0.0012773201,0.002962403,0.012844275,0.0028275326,0.0027357712,-0.004239276,0.00030059367,-0.0021239296,0.0009887516,0.00054265186,-0.0041836444,0.0027660541,0.0032202154,-0.004283026
IPSCG_E3_P5_IP_k27ac_M4,0.011374939,0.0048098825,-0.005749665,0.0011829324,0.015967933,0.0005578548,0.0037613735,0.0008502379,-0.0014132336,-0.0017789602,-0.002717331,-0.0020579752,-0.0034286417,0.0028560525,-0.0014904737,-0.0035394728
IPSCG_E3_P5_IP_k27ac_O20,0.00024242327,0.0037714802,-0.0056249425,-0.0027792118,0.01426321,0.0012834296,0.0015850142,-0.0031808913,0.00043494254,-0.0057842396,-0.0017526671,-0.00093192235,-0.0019333586,0.009432976,-0.0015729778,0.001831077
IPSCG_E3_P5_IP_k27ac_H10,0.011479888,0.0067011453,-0.005589254,0.006423138,0.012393254,6.004423e-05,0.0006077029,-0.0026647598,0.0032256022,-0.0030819364,0.0037448406,-0.0006979834,-0.0010337718,0.0040282635,0.0028437749,4.8056245e-06
IPSCG_E3_P5_IP_k27ac_M3,0.010139003,0.0037702434,-0.00022505224,0.00307668,0.011136494,0.0045317113,0.003404826,-0.005497195,0.00086291134,0.0009625815,0.0008824095,-0.0024803635,-0.00034926645,0.0019457974,0.0040718243,0.00026330352
IPSCG_E3_P5_IP_k27ac_O3,0.00841577,0.0032968111,-0.0017929599,-0.00060881674,0.011880475,0.0022397563,0.0011644401,-0.0059600696,0.000107347965,-0.0034580305,0.00057481974,-0.0012562945,-0.00018062443,-0.00040778704,0.0021735579,-6.2420964e-05
IPSCG_E3_P5_IP_k27ac_E1,0.009133536,0.0039955713,-0.006886922,0.0009277165,0.0127856815,-0.0016163662,0.0019631088,-0.0006809309,-0.006886363,-0.0018291883,0.002326347,0.003530411,-0.001971215,0.0066213263,0.00223957,-0.0045372546
IPSCG_E3_P5_IP_k27ac_E5,0.011020139,0.006574724,-0.0034231767,0.0025985427,0.011527709,-0.0010480359,0.010026496,-0.0027446225,-0.0026194155,0.00019221753,0.0033555478,0.0004416462,-0.0046698973,0.0013276469,0.0044852495,-0.0014068857
IPSCG_E3_P5_IP_k27ac_K23,0.01344046,0.0009286925,-0.004153602,0.00057248026,0.012130466,-0.000948295,0.004014982,-0.0027097985,-0.0020156428,0.0039858706,-0.0025462136,-0.0013444871,0.00025401637,0.00023838691,0.0020145029,-0.0016888753
IPSCG_E3_P5_IP_k27ac_O21,0.012353327,0.006749559,-0.0066595897,0.0010620952,0.016020842,-0.0014554486,0.00459506,-0.0030048043,-0.0028015822,-0.0020988137,0.0041158795,-0.0019319244,0.001979854,0.0075018047,0.0042384192,-0.0008177385
IPSCG_E3_P5_IP_k27ac_E10,0.010488417,0.008861963,-0.006620072,0.0062873363,0.007791374,0.0013245568,0.005669838,-0.0028939843,0.001259923,-0.00020985678,0.0051657706,-0.0007427018,-0.0044267587,0.0033783559,0.00541424,-0.0022493824
IPSCG_E3_P5_IP_k27ac_G11,0.009325605,0.007507939,0.00027220696,-0.00031430274,0.005961201,0.0024041757,0.007761663,-0.0028208122,-0.004562333,0.0007973276,-0.0038056374,-4.472211e-06,-0.0044815373,0.0012636511,-0.0017689094,0.00093215704
IPSCG_E3_P5_IP_k27ac_I24,0.009770811,0.0046012215,-0.001452595,0.0027864128,0.0072744964,0.0013151318,0.0029045828,0.00030969828,-0.0012573227,0.0028379224,0.0033497587,-0.00044601224,-0.0004551001,0.0069507877,0.010060765,-0.0010949895
IPSCG_E3_P5_IP_k27ac_G14,0.0059832446,0.00625531,0.0022500753,0.00062828884,0.0056962175,0.006615497,0.006103564,-0.001511544,0.0010726973,0.002579745,1.3165176e-05,0.0002842415,-0.004260905,0.0034214575,0.0023236945,-0.0037564412
IPSCG_E3_P5_IP_k27ac_G16,0.0051359944,0.00788964,0.0026983842,0.0058646016,0.012420439,0.0017458722,0.0031713173,-0.004825458,0.00090872496,0.0035229996,-0.0048149973,-9.9249184e-05,-0.003961172,0.002027521,0.0019266829,-0.0029993653
IPSCG_E3_P5_IP_k27ac_G20,0.0041629784,0.008089874,-0.0029466972,0.0030120164,0.012017163,0.004235558,0.00018712133,-0.002758056,-5.1781535e-05,0.0046570934,-0.005594343,-0.0011647474,-0.001089042,0.0077834968,-0.00332487,-0.0010395795
IPSCG_E3_P5_IP_k27ac_G21,0.006516751,0.009207729,0.0027175546,0.00012520328,0.010671279,0.0035648793,0.0030087344,-0.0012791529,-0.0025428906,0.0051992796,-0.004894048,-0.00072391145,-0.0031111147,0.006913586,0.00043336302,-0.003106244
IPSCG_E3_P5_IP_k27ac_G24,0.004198853,0.011369232,-0.0024852455,0.0023272224,0.006994405,0.0018679649,0.0011133738,0.00071284175,-0.0006451681,0.0072104707,-0.0008025095,-0.0029055048,-0.00037123635,0.008601515,0.00036266446,-0.0015595332
IPSCG_E3_P5_IP_k27ac_G3,0.0086242,0.003275808,-0.0028660148,-0.0013836585,0.010889931,0.0023417622,0.0034934524,-0.0012917519,0.0019853786,0.002290491,-0.004755132,-0.0014552567,-0.00044164807,-0.00055651646,-0.002058249,-0.0028678104
IPSCG_E3_P5_IP_k27ac_G4,0.00849947,0.005326558,0.0027284324,0.0027524456,0.010048089,-0.0026362613,0.0028614402,-0.0021335408,-0.0045481697,0.0035669766,-0.004301302,-0.0012520645,-0.0056651086,0.003399754,0.0012464449,-0.0049971044
IPSCG_E3_P5_IP_k27ac_G5,0.010984704,0.008544091,-0.00033652782,0.0016392469,0.011540723,0.0026315674,0.0025693886,-0.0027239025,-0.0019502267,0.0047974624,0.000848189,0.00022508577,-0.004559964,0.0010605063,0.00029901415,-0.0033431724
IPSCG_E3_P5_IP_k27ac_G8,0.008547738,0.0053486414,-0.002237372,0.0040470175,0.0143854795,0.002158247,0.0004569739,-0.0012624934,0.0032429025,0.0032021776,-0.00013566017,-0.0005609188,-0.0023727324,0.0052968133,0.0026842505,-0.0032977164
IPSCG_E3_P5_IP_k27ac_G9,0.007113356,0.0066260137,-0.0052600503,0.0073310286,0.016599657,0.0025302097,0.0019232668,-0.0017988756,-0.0035204217,0.0040702,0.0037445724,0.00019883923,-0.0015846528,0.005922525,0.0023008212,-0.0013360679
IPSCG_E3_P5_IP_k27ac_I10,0.010371041,0.0027443357,-0.0029235706,0.004565578,0.008955423,0.0036076307,0.0020896979,-0.0009157583,0.00021120161,-0.0011583343,0.0027708262,-0.0011226814,-0.000374116,0.0025109742,0.005556062,-0.0003260672
IPSCG_E3_P5_IP_k27ac_K10,0.015420828,0.003962878,-0.0035991967,0.0025285743,0.011719353,0.0024758577,0.005843442,-0.005295299,-0.0012802482,0.0012435876,0.0026391223,0.00034597702,-0.0020010434,0.0023036972,0.0057234913,-0.0023679882
IPSCG_E3_P5_IP_k27ac_M10,0.010833766,0.005407233,-0.003830783,0.00235888,0.012347377,0.0052195564,0.0045616124,-0.0021052659,0.0027169585,-0.0024775714,0.00019504875,-0.001641376,-0.004357774,0.0048131095,0.0009001121,-0.0017595813
IPSCG_E3_P5_IP_k27ac_H4,0.0091412775,0.005906839,-0.0036902055,0.005811386,0.012775124,-0.0018525049,-0.0016964637,-0.004432179,-0.0032388493,-0.005159259,0.0010063872,-0.00016834028,-0.0046599545,0.0038805325,0.0023216158,-0.00031537563
IPSCG_E3_P5_IP_k27ac_K21,0.012347002,0.001097735,-0.0034452826,0.0013393722,0.014867525,0.0027719662,0.007674843,-0.0003401637,-0.000528872,0.00076912716,-0.00077227503,-0.003139453,-0.003368251,0.0031577814,0.0021106452,-0.0050566792
IPSCG_E3_P5_IP_k27ac_G7,0.002122283,0.006313514,-0.00520619,0.0025392622,0.011372119,0.003750831,0.00022896752,-0.0021573156,-0.0027726442,0.0019367747,-0.001093559,-0.000544345,-0.0016496032,0.0061621293,0.0015437156,0.0027474537
IPSCG_E3_P5_IP_k27ac_I19,0.016374003,0.004522305,-0.0017006919,-0.00079349056,0.009895851,0.005825512,0.0011316091,-0.005150698,-5.991757e-05,-0.0014828146,0.0016120076,-0.0014422927,-0.0014747586,0.0062128413,0.0011296347,-0.0009648353
IPSCG_E3_P5_IP_k27ac_I8,0.009625945,0.0078036375,0.00047186017,0.0040333346,0.011030327,0.0029696524,-0.0011208653,-0.0047828034,0.0039607733,0.0045555346,0.0006449595,-0.0013487805,0.0008274354,0.0053778626,0.006810501,-0.0023204684
IPSCG_E3_P5_IP_k27ac_C7,0.009077884,0.0067987777,-0.0035462081,0.0025521591,0.015128729,0.006630115,0.0007452145,-0.005484313,-0.00089377165,-0.000889685,0.0044418797,-0.0025592875,-0.005021427,0.006951671,0.0073532164,-0.0027214885
IPSCG_E3_P5_IP_k27ac_L13,0.007041853,0.0049060397,-0.0057628453,0.0038349964,0.014598759,-0.0024100393,0.0038212687,0.0016998872,-0.0016452447,-0.0016227551,0.0018238798,-0.0023243167,-0.0031002313,0.0039436594,0.0032539219,-0.0051966757
IPSCG_E3_P5_IP_k27ac_I5,0.013978489,0.003748428,0.0005932525,0.0018763728,0.012741244,0.004519351,0.0060825516,-0.0020987988,-0.0021715388,0.0026448965,0.0047719628,-0.0025390703,-0.0011961572,0.0029273778,0.005322613,-0.0014928654
IPSCG_E3_P5_IP_k27ac_N3,0.009120677,0.0035967492,-0.004020609,0.002764944,0.013010736,0.0026869252,0.00061484054,-0.0021239668,-0.003407076,-0.0015444867,0.0051438883,-0.0006493721,-0.0013885796,0.0024881605,0.0025738254,-0.00013799965
IPSCG_E3_P5_IP_k27ac_F10,0.0103981085,0.007925365,-0.0044756755,0.0051690973,0.009690219,0.0022625849,0.00061899424,-0.0038593784,-0.0007721707,-0.0053145103,0.003455937,-0.0017589871,-0.007877957,0.002799808,0.002924554,-0.00076479465
IPSCG_E3_P5_IP_k27ac_F17,0.009012666,0.007414717,-0.0017065331,0.0041148104,0.011064272,0.0014442131,0.0018348396,-0.004488811,0.00073523074,-0.004915487,0.002731204,-0.002446521,-0.0059863087,0.0026800781,0.0025405586,-0.00081223994
IPSCG_E3_P5_IP_k27ac_C1,0.009290755,0.0042013936,-0.0030407906,0.00047663227,0.013349094,0.003689818,-3.908202e-05,-0.0041334853,-0.0011291876,-0.0030538738,0.0016877949,-0.00057641603,-0.0028457977,0.003973065,0.0028427467,-0.0020343587
IPSCG_E3_P5_IP_k27ac_P1,0.009895481,0.00072296336,-0.0012188032,0.0027151182,0.010119954,-0.001044251,0.0028964654,-0.0024875775,-0.004924454,-0.0034132935,-0.00023963302,0.0012419224,-0.0016510133,-9.7045675e-05,0.008199967,-0.0029228926
IPSCG_E3_P5_IP_k27ac_A5,0.014642928,0.006692406,-0.0030665994,0.0022671372,0.011571929,7.957965e-05,0.006172465,-0.0040260553,-0.0026365668,0.0038061477,-0.00030560046,0.0008603167,-0.003012333,-0.00043641776,0.0029045418,0.0003748387
IPSCG_E3_P5_IP_k27ac_C5,0.011480771,0.005499985,-0.0026693717,0.0009124167,0.013504428,0.0027584806,0.0038922355,-0.0023796558,-0.0041129217,0.0007478371,0.0014222339,-0.00041764043,-0.003201425,0.0034194235,0.00350523,-0.0035702437
IPSCG_E3_P5_IP_k27ac_J2,0.012596294,0.0035723038,-0.009425908,0.007386677,0.023313155,-0.0008997917,-0.0002254434,-0.0017849654,-0.0031209067,-0.003638275,-0.00026950985,-0.002966864,-0.0037823468,0.0007284861,0.0042149574,-0.004162587
IPSCG_E3_P5_IP_k27ac_K1,0.011747424,0.0013871938,-0.0026683882,0.0026461892,0.013609667,0.00059248507,0.0037735887,-0.0010634214,-0.002184905,0.0009934418,-0.00072116405,0.0012363121,-0.0010208134,0.003725389,0.004598886,-0.0025751442
IPSCG_E3_P5_IP_k27ac_K11,0.014715362,0.005011428,-0.003896229,0.0025702082,0.011089031,-0.00015196949,0.003798185,-0.0022799,-0.00073076785,0.0023513883,0.0014254376,0.0006056819,-0.0013687667,0.00082590804,0.0035012886,-0.004948534
IPSCG_E3_P5_IP_k27ac_K4,0.013634782,0.003298726,-0.0030767322,0.0016439296,0.012243338,-0.00067744404,0.006952528,-0.00066283345,-0.0019881427,0.0007894002,0.00032909214,-0.0002412349,-0.0027708858,0.0005472442,0.0010508448,-0.0029620677
IPSCG_E3_P5_IP_k27ac_K7,0.011270992,0.0042014755,-0.0017749816,0.002341684,0.0145916585,0.001225099,0.0054274574,-0.006100774,-0.0019780025,0.0017369501,-0.0010277331,-0.0030767228,-0.0028676633,0.003910141,0.0060490146,-0.0016551092
IPSCG_E3_P5_IP_k27ac_M5,0.011972457,0.0055647604,-0.0036666468,0.0009144135,0.0130825145,0.0022081733,0.0062615555,-0.003026992,-0.0021325797,0.0018481575,0.00227952,-0.0018819533,-0.0024121702,0.0022185836,0.0045332313,-0.0018589348
IPSCG_E3_P5_IP_k27ac_O5,0.007445369,0.0058542155,-0.0048161596,0.00088303536,0.014235146,-0.0014652014,0.0073852614,-0.0030906051,-0.0002630949,-0.0036368854,-0.0006671846,-0.004099114,-0.003496278,0.0028429348,-0.00028856844,0.0003831461
IPSCG_E3_P5_IP_k27ac_I13,0.010468125,0.0067739226,-0.0023094267,0.0067777373,0.009725795,-0.0015662163,0.003143888,-0.0018943995,-0.0017987564,0.0021108016,0.0029218942,-0.00073257834,-0.0011665486,0.0011669081,0.0054880828,0.00015773624
IPSCG_E3_P5_IP_k27ac_F24,0.009333093,0.00641175,-0.0021710768,0.0039658956,0.009088058,0.00019596517,0.0040897187,-0.001590766,-0.000470154,-0.0053050257,0.0035194457,-0.0021103583,-0.0049926788,0.004003549,0.0038304478,-0.0017985553
IPSCG_E3_P5_IP_k27ac_H8,0.012276094,0.0072910003,-0.0022486523,0.0037805475,0.014032568,0.001815252,0.0013169982,-0.0024120286,0.0026142076,-0.001986105,0.0032696798,2.935715e-05,-0.0008542016,0.005486672,0.0019869283,-0.005399972
IPSCG_E3_P5_IP_k27ac_K22,0.012599818,0.0048179887,-0.0008645877,0.005108662,0.01711311,0.0029426515,0.0016989745,-0.008397251,6.28382e-05,0.0020006374,-0.001840815,9.723008e-06,-0.0045691915,0.0011061747,0.0024011284,-0.0033172444
IPSCG_E3_P5_IP_k27ac_D23,0.010554962,0.0035049506,-0.0058327466,0.00069409236,0.012674333,0.0014764369,0.0025187284,0.0018759593,-0.0021088943,-0.0014326982,0.0013250262,-0.0017959308,-0.0013834946,0.0009098146,0.002334319,-0.0028089061
IPSCG_E3_P5_IP_k27ac_F5,0.013152536,0.0052045323,-0.003096722,0.0027356446,0.010225484,-0.0008981824,0.004569603,-0.0010467395,-0.0021379888,-0.0052663498,0.0024746284,-0.0012658667,-0.0070667993,-0.0005589202,0.0022272095,-0.0013322458
IPSCG_E3_P5_IP_k27ac_K19,0.012313012,0.0029387064,-0.002596952,-0.00058445334,0.0127274515,0.0028874874,0.008224664,-0.0043365434,-0.00031954795,0.0008669719,0.0008663535,-0.0027872268,-0.002948694,0.0059833825,0.0013956502,-0.0033843443
IPSCG_E3_P5_IP_k27ac_H9,0.007703904,0.008770373,-0.0050352737,0.010371074,0.015571869,0.001677826,-0.0017712489,-0.0055812,0.0010634214,-0.0022041574,0.008459747,-5.3377822e-05,-0.0023041852,0.008029744,0.004229173,-0.0025340468
IPSCG_E3_P5_IP_k27ac_I4,0.009688873,0.0070443265,0.00097453594,0.0038281046,0.010654584,0.0004921779,0.0026400052,-0.0014939159,-0.000831753,0.00090162084,-0.0013111532,-0.0010591801,-0.0048446376,0.0038455408,0.0011432394,-0.0028108433
IPSCG_E3_P5_IP_k27ac_B12,0.006681975,0.0035702623,-0.0072463527,-0.00028998777,0.014398479,-0.0034733042,0.0030930191,0.0031993315,-0.0033157617,0.0023596585,0.0022099689,-0.0028345194,-0.001880711,-0.0011400701,0.0038193613,-0.00075788796
IPSCG_E3_P5_IP_k27ac_H17,0.008939769,0.009337526,-0.0028448105,0.0022129975,0.011158039,0.0014573559,-0.0003928095,-0.006517276,-0.0013427138,-0.0043352395,0.00391113,0.00058972463,-0.0025573391,0.004287824,0.003201902,5.4977834e-05
IPSCG_E3_P5_IP_k27ac_J16,0.0095243305,0.0054146685,-0.0024401024,0.0074966922,0.018574515,0.0018334463,-0.0002383329,-0.005999021,0.00079701096,-0.005283475,0.0029206648,-0.0028838199,-0.000809405,0.0045316108,0.0027723461,-5.2325428e-05
IPSCG_E3_P5_IP_k27ac_P8,0.013264455,0.004606489,-0.0041324124,0.00095034763,0.015001318,0.0008171126,0.0009186305,-0.0044591576,-0.0010914803,-0.00063428655,0.0035817847,-0.00051472895,0.000170663,0.0036710147,0.003084451,-0.0029351562
IPSCG_E3_P5_IP_k27ac_J5,0.013409406,0.005527932,-0.00633166,0.001737278,0.015910761,0.0031722933,0.0028537288,-0.0014288202,0.002253145,-0.00024205074,-0.003949769,-0.0031440537,-0.004449308,-0.0011006836,-0.001162339,-0.002228327
IPSCG_E3_P5_IP_k27ac_E16,0.013718378,0.0087740235,0.0028670058,0.005047664,0.013831769,-0.0009584874,0.0064523723,-0.0043276846,-0.0017678142,-0.0016418844,0.002820395,0.0027957,-0.003963787,0.0024555605,0.008995451,-0.00745932
IPSCG_E3_P5_IP_k27ac_A11,0.009368785,0.0073918067,-0.0032335073,-0.00026816875,0.0074710986,0.003794305,0.0048565175,-0.001112327,-0.001371704,0.0019563995,-0.00024051964,0.003156078,-0.003540391,0.0049234647,0.0013923347,-0.0040703863
IPSCG_E3_P5_IP_k27ac_C19,0.0086245835,0.0038014837,-0.0017174333,-0.002292063,0.010805849,0.0028186962,0.0046324227,-0.004863575,-0.00032907724,-0.004224077,-0.0001352951,-0.0033335015,-0.0055288207,0.0035049077,-0.0019582137,-0.0018452778
IPSCG_E3_P5_IP_k27ac_O2,0.01076898,0.0016532615,-0.013549812,-0.0012644827,0.015167783,0.0014130697,0.0011918768,0.0031779557,-0.0037428811,-0.0037196577,-0.001451835,0.00044835545,-0.0044720788,0.005804842,-0.0014652684,-0.0039905757
IPSCG_E3_P5_IP_k27ac_P4,0.010747537,0.0066917725,-0.0046066567,0.002160538,0.011368682,0.0014704391,0.0031433068,-0.0002535209,0.00043989718,0.0009965599,0.0020754486,-0.0008594934,-0.004259359,0.0021830248,0.0020728037,-0.002521865
IPSCG_E3_P5_IP_k27ac_E23,0.012935668,0.010074992,0.00081212074,0.0019131787,0.0067029614,0.0010708198,0.00365402,-0.0067825243,-0.0051621273,0.00025393814,-0.0017997026,0.0016857553,-0.006543167,-0.0003554076,0.0034236163,-0.0022261143
IPSCG_E3_P5_IP_k27ac_C2,0.009545442,0.0055762194,-0.006673686,0.0029282384,0.014594092,0.0022488534,0.0020368025,-0.005342394,-0.002114199,-0.005319953,0.0020715296,-0.0029896032,-0.003766574,0.0030573783,0.0032349378,-0.0014102235
IPSCG_E3_P5_IP_k27ac_O18,0.0064007007,0.0036863647,-0.009339638,-0.0021167956,0.019173654,-0.00049720705,-0.0036378428,0.00019250065,0.0057713985,-0.0022691973,4.7266483e-05,-0.003932828,0.002023615,0.006364716,-0.004589308,-0.00084436685
IPSCG_E3_P5_IP_k27ac_F1,0.01074544,0.005526673,-0.003857188,0.0021966025,0.012551575,0.0015772581,0.001742933,-0.0010799095,-0.002320826,-0.0038431846,0.0022905767,0.0002249442,-0.0039414912,0.004878075,0.0032442957,-0.002188377
IPSCG_E3_P5_IP_k27ac_A7,0.007796295,0.0061922558,-0.00508108,0.0009802766,0.012255459,0.0008403063,0.0032571033,-0.0039049461,-0.003596358,-0.0023078807,0.001341626,0.0014081746,-0.0069852155,0.005595683,0.002307646,0.00045689195
IPSCG_E3_P5_IP_k27ac_C24,0.0107278675,0.0064323805,-0.00048014522,0.0014614835,0.0132033415,0.0044163913,0.005357232,-0.0016762018,-0.0032531992,0.0006474219,0.0034958944,-0.0029646698,-0.003948562,0.006529962,0.0057835057,-0.00435511
IPSCG_E3_P5_IP_k27ac_H5,0.0116595365,0.006001275,-0.0048647597,0.0015113093,0.012519914,-0.002785273,0.0041725934,-0.0005053729,-0.0016603693,0.00058851764,0.003947884,-0.0010499526,-0.0009963661,0.0045960955,0.0020061135,-0.0019735992
IPSCG_E3_P5_IP_k27ac_O4,0.01345462,0.004392635,-0.006539114,-0.00024246052,0.01524797,-0.0010685697,0.0027575083,0.00041743368,-0.0025004,-0.0026339367,0.0032775775,-0.0037634615,-0.0024272762,0.002115569,-0.0013991296,-0.0018169358
IPSCG_E3_P5_IP_k27ac_M12,0.007990409,0.0080493055,-0.007998392,0.0031630695,0.01596064,0.0028171316,0.0029547438,-0.0011332855,-0.0010041073,0.00039736927,0.0015999898,-0.0038878154,-0.0067094304,0.0032185763,-0.0007391125,-0.002570793
IPSCG_E3_P5_IP_k27ac_F12,0.009188268,0.0042029954,-0.0012137815,0.0033601932,0.010154695,0.0038621053,0.0037794802,-0.0026368797,-0.0027242154,-0.0037031136,0.005083449,-0.005211998,-0.005370738,0.0016596941,0.0030032396,-0.0021406412
IPSCG_E3_P5_IP_k27ac_A16,0.012818705,0.008285303,0.0030351952,0.007754326,0.0143948635,0.0035316572,-0.0011253133,-0.0034548864,0.0039399713,-0.002541002,0.0011131242,-0.0020378083,-0.0027572997,7.4118376e-05,0.003815323,-0.0018098056
IPSCG_E3_P5_IP_k27ac_C16,0.012105662,0.0050196685,0.0023040846,0.0025713556,0.0144484835,0.0037247017,0.0009070635,-0.00478857,-0.0014323667,-0.002032239,-0.0013385862,-0.0024259854,-0.002171822,0.0041606966,0.0039219335,-0.0029463023
IPSCG_E3_P5_IP_k27ac_H16,0.01303358,0.0051155128,-0.00088588893,0.0053533167,0.013327459,0.0051513985,0.0026501492,-0.0031042993,0.00047983974,-0.0038245954,0.003966987,0.0011171866,-0.001415059,0.0025081607,0.003181979,-0.0022288933
IPSCG_E3_P5_IP_k27ac_I16,0.012730163,0.003107328,0.0028606877,0.0073676333,0.013165061,0.007464133,0.0026327074,-0.00035950541,-0.0016169697,-0.0027954094,0.0025494993,-0.0019534156,-0.0005509816,0.003940166,0.006090708,-0.0026264042
IPSCG_E3_P5_IP_k27ac_M16,0.014939375,0.0067385323,-0.0042583346,0.0024539419,0.017005945,0.007421747,0.004289802,-0.0004748553,0.0014454052,-0.002530884,0.00014044344,0.00048749335,-0.0014394186,0.002126487,0.0027927533,-0.004230164
IPSCG_E3_P5_IP_k27ac_P11,0.006339263,0.0051698424,-0.0043223947,0.0009903386,0.009382453,0.004514605,0.008369299,-0.00053182244,-0.0026851594,-0.0010385178,0.0024085864,-0.0006917827,-0.0052791648,0.003847652,0.004552208,-0.004910946
IPSCG_E3_P5_IP_k27ac_P16,0.011679132,0.0063476153,0.00036084652,0.0015854426,0.006684266,0.0032807589,0.0023946501,-0.002435103,-0.00075772405,-0.0007432662,0.0037534162,0.0012868233,-0.0013921838,0.0029077064,0.003200844,-0.0014996082
IPSCG_E3_P5_IP_k27ac_P17,0.0039091595,0.0067455433,-0.002340138,0.0018709898,0.010879056,0.003670685,-0.0013596527,-0.006403737,0.00093295425,-0.004430283,0.0040265545,0.0003034752,-0.0023738984,0.003918945,0.0017255247,0.00081754476
IPSCG_E3_P5_IP_k27ac_P19,0.010023195,0.006270405,-0.0031135753,0.0029786788,0.012243674,0.0025784299,0.0010114536,-0.004247047,-0.002036348,-0.0022219233,0.005977802,0.0003761407,-0.002362132,0.0076609254,0.004229538,-0.0011650994
IPSCG_E3_P5_IP_k27ac_P20,0.006543372,0.0025628768,-0.001830101,-0.0012708381,0.00983037,0.0026461706,0.0032240562,-0.00277514,0.0011864454,-0.0026501603,0.0010812953,-0.0011093225,-0.001980815,0.001999732,0.003045924,-0.00041384995
IPSCG_E3_P5_IP_k27ac_P21,0.008942984,0.005100202,-0.005986929,0.0009664893,0.011408867,0.0020301268,0.0033672303,0.0014251396,-0.0017843395,-0.0010428503,0.0033947155,-0.0017419904,-0.0022665374,0.004911557,0.0037090927,-0.00421986
IPSCG_E3_P5_IP_k27ac_P22,0.010456409,0.004549358,-0.0034763739,0.004851762,0.01462669,0.004246637,-0.00080225244,-0.0066063255,-0.002279006,-0.0030776598,0.005560845,-0.0012921598,-0.003857471,0.0027315244,0.0058577433,-0.0008759275
IPSCG_E3_P5_IP_k27ac_P23,0.013730254,0.005679194,-0.0041193366,-6.2365085e-05,0.008174649,-0.00024207681,0.0038644634,-0.0036082417,-0.0053339303,-0.001796972,0.0037872866,0.003431201,-0.0015332941,0.0023494158,0.003757365,-0.0023093969
IPSCG_E3_P5_IP_k27ac_P5,0.013436712,0.004745852,-0.0061040744,0.0012956373,0.0114497235,-0.00059211254,0.009076808,0.00029271096,-0.0022578463,-5.7857484e-05,0.005912833,-0.0020534266,-0.0031791627,0.0015630303,0.0029600933,-0.0025249794
IPSCG_E3_P5_IP_k27ac_P9,0.009802397,0.010342207,-0.0024578646,0.006375801,0.011449436,0.0028116181,-0.00015991554,-0.0068337694,0.0022797808,0.0010767095,0.006456971,0.0009132754,-0.002162896,0.004034753,0.0061877817,-0.0041680634
IPSCG_E3_P5_IP_k27ac_C22,0.010436829,0.0058978833,-0.0019696206,0.0050815977,0.017681276,0.007836387,0.0016722456,-0.0039990097,0.0014571324,-0.00059056655,0.0004159212,-0.0022491813,-0.005164532,0.0009841863,0.0051368177,-0.0052124783
IPSCG_E3_P5_IP_k27ac_B18,0.008007769,0.0033054017,-0.00905811,0.0024581663,0.016921293,-0.0036573485,-0.0018371418,0.0019200891,0.0006431788,0.0016923063,-0.00011962652,-0.002054559,0.000675166,0.0034518745,0.0038034618,-0.0032323971
IPSCG_E3_P5_IP_k27ac_C9,0.011087321,0.006699782,-0.0032220185,0.004600711,0.012092129,0.0044060946,0.0017033666,-0.0045573413,-0.00057121366,0.002557572,0.004384175,-0.002322089,-0.0030463394,0.007093765,0.004308246,-0.0028136373
IPSCG_E3_P5_IP_k27ac_I17,0.009073317,0.0050857477,-0.002918899,0.0019276328,0.011491609,0.0053979233,-0.0017351806,-0.0037996694,-0.0008196905,-0.0013798587,0.0013855174,-0.0015753638,-0.0018985122,0.004127724,0.0012587532,0.0012878701
IPSCG_E3_P5_IP_k27ac_N9,0.0064620264,0.0041504838,-0.004974,0.005967211,0.015651379,0.0011309087,0.00028415397,-0.0018237829,-0.000198178,-0.0028815456,0.007872939,-0.0014670659,-0.0012711678,0.0047406573,0.0056704506,-0.003794603
IPSCG_E3_P5_IP_k27ac_M24,0.010880869,0.00683723,-0.0018420741,0.003092751,0.011674385,0.0059309974,0.0030828752,-0.00032804906,-0.0018918961,-0.0019520298,0.0019534603,-0.00040655956,-0.0025579222,0.0050785476,0.004944518,-0.0028611943
IPSCG_E3_P5_IP_k27ac_O10,0.010290142,0.005035538,-0.0048289,0.0037021302,0.010903726,0.004666105,0.0027056076,-0.0014968961,0.005420901,-0.0019890033,0.0010101795,-0.00030642375,-0.002603311,0.0028724521,0.0005880445,-0.00086737424
IPSCG_E3_P5_IP_k27ac_J10,0.012054805,0.0062052496,-0.0059801117,0.0071422607,0.01348904,-0.0004659146,-0.0011353977,-0.0031166822,0.002753988,-0.0014109574,0.002386868,-0.0013118535,-0.0016881563,0.00075694546,0.0057559162,-0.002682902
IPSCG_E3_P5_IP_k27ac_J22,0.0100300275,0.005534414,-0.006046951,0.0052359365,0.018711226,0.002375491,-0.0044287182,-0.0066815764,-0.00020443648,-0.002240967,-0.0025632083,0.0010466855,-0.0032170005,0.0019355956,0.0023749024,-0.0005383566
IPSCG_E3_P5_IP_k27ac_D18,0.010688689,0.002054289,-0.005784251,-0.00060873106,0.013416069,0.0013638884,0.004162902,0.0025265813,-0.0025899857,-0.0026411861,-0.002157621,-0.0013386346,-0.00040704757,0.001679874,0.00028752536,-0.003910631
IPSCG_E3_P5_IP_k27ac_E9,0.007882461,0.009284873,-0.0050482973,0.007018123,0.014396972,0.006034337,0.002656754,-0.00684081,0.0020913333,0.0015668832,0.00073648244,0.0021521747,-0.004243901,0.008999996,0.0021906048,-0.0060430467
IPSCG_E3_P5_IP_k27ac_B9,0.012789838,0.008065011,-0.0065038875,0.0010243095,0.014697091,0.0025130734,0.002781652,-0.002929747,-0.0008395836,0.002481211,0.008317247,-0.0017452613,-0.0032571089,0.006502753,0.0045112893,-0.0062067136
IPSCG_E3_P5_IP_k27ac_A19,0.009370215,0.0077671222,0.0017616674,0.0033838265,0.004571039,0.007189654,0.0033420287,-0.005498871,-0.0012198761,0.00046542287,0.007476166,0.0034323726,-0.0035855118,0.0069032554,0.006149791,-0.0010234937
IPSCG_E3_P5_IP_k27ac_I21,0.011839304,0.0054308437,-0.0022533536,0.0051209778,0.0147145325,0.0052365065,-0.0009484142,0.0007599667,-0.0017533302,0.00052820146,0.004081495,-0.002111392,-0.00085090473,0.0039019343,0.0062903836,-0.0040939674
IPSCG_E3_P5_IP_k27ac_A1,0.0109417625,0.0059306435,-0.0039264113,0.0036134683,0.011696762,5.0239265e-05,0.0014543198,-0.0024373978,-0.0021202788,0.0017747581,-0.00032252818,0.002365319,-0.0030780006,0.004115876,0.0036212802,-0.0020539388
IPSCG_E3_P5_IP_k27ac_B4,0.008358829,0.0036712922,-0.00690303,0.0017911308,0.014880884,-0.004312746,0.0028781816,0.0023197234,-0.0011075884,-0.0017818063,-0.0004675761,-0.006356977,-0.0023384504,0.0014713928,-0.0004733242,-0.00048562884
IPSCG_E3_P5_IP_k27ac_C3,0.009052563,0.0040065683,-0.00085590035,0.0014222004,0.011443899,0.0043471977,0.0030500628,-0.0028695166,-0.0007883981,0.001375176,0.0011265799,-0.0016232897,-0.002186576,0.0033820998,0.0031475276,-0.0025126338
IPSCG_E3_P5_IP_k27ac_H1,0.01129083,0.0053936876,-0.006132908,0.004613105,0.011690198,-0.0025901645,-0.002292741,-0.0030933246,-0.002269581,-0.0024863482,0.0018137619,0.0018277634,-0.0013058707,0.0031874161,0.0040491894,-0.00076472014
IPSCG_E3_P5_IP_k27ac_J1,0.007899318,0.0022009052,-0.009509057,0.004374273,0.017965673,-0.001240477,-0.0030480884,-0.0011186749,-0.0011737794,-0.005081415,-0.002799198,-0.0021733213,-0.00015334785,0.0030311868,0.001152277,-0.0003110543
IPSCG_E3_P5_IP_k27ac_J3,0.0086306,0.0043928586,-0.0031321868,0.004316587,0.011755006,0.005691834,-0.0002700016,-0.0033806488,0.003406383,-0.0009409338,-0.0022121295,-0.0027646683,-0.0010552071,0.001193597,0.00012583286,-0.0005158037
IPSCG_E3_P5_IP_k27ac_M1,0.008827228,0.0028445981,-0.002961345,0.002717249,0.016150026,0.0015036836,0.0013228729,-0.0029814616,0.00013761967,-0.00133821,-0.0011287257,-0.00044191815,-0.0008376278,0.006450042,0.0035457686,-0.0029523596
IPSCG_E3_P5_IP_k27ac_M11,0.009087693,0.00299846,-0.004321061,0.0023370571,0.009510489,0.005668789,0.009146102,0.0016543344,0.00044828653,-0.00068660453,0.0014432296,-0.0021761712,-0.0027591288,0.004026396,0.0043940544,-0.004930906
IPSCG_E3_P5_IP_k27ac_O1,0.00965498,-0.00032623857,-0.0101941,-0.0013986118,0.014515088,-0.0016212761,0.0013764352,-0.0010082275,-0.00464312,-0.004300773,-0.00053070486,0.0003200192,0.0005503744,0.0062993118,0.0012036115,0.001443088
IPSCG_E3_P5_IP_k27ac_A4,0.008776668,0.006768342,-0.0032540187,0.001254458,0.012352546,-0.0003599301,0.0011247322,-0.002515927,-0.001211606,0.00109208,-0.0036643893,-0.0013182163,-0.006285649,0.0027050339,-0.002260156,-0.0020035878
IPSCG_E3_P5_IP_k27ac_B5,0.012205537,0.0057185926,-0.007968321,0.001073204,0.01440741,-0.0017871559,0.0041928366,0.0025741458,-0.00059354305,0.00096469745,0.0026690662,-0.0031102654,-0.0025493335,0.001276819,0.0023266897,-0.0012906939
IPSCG_E3_P5_IP_k27ac_F4,0.010844391,0.0076195262,-0.0024168864,0.0027410574,0.0069448417,-0.0026256964,0.004836265,-0.0012237802,-0.0038361624,-0.0039334446,0.0023459345,-0.0011275057,-0.006353652,0.001058463,0.0003254488,-0.0007127151
IPSCG_E3_P5_IP_k27ac_F9,0.013888612,0.008747149,-0.002609983,0.006251838,0.01211268,-0.00026402622,0.001037769,-0.0066122413,-0.0031726211,-0.0042435676,0.005469747,-0.0011890605,-0.0055313446,0.0028105062,0.0037855208,-0.001663737
IPSCG_E3_P5_IP_k27ac_P2,0.009702884,0.0028382204,-0.008068569,0.0028379,0.014150248,0.0012975931,0.0023851506,-0.0038101524,-0.0025844872,-0.0042869,0.0053745136,-0.0011808667,-0.0049430914,0.0035171509,0.003278792,-0.0010778904
IPSCG_E3_P5_IP_k27ac_A17,0.008725118,0.008165043,-0.0028122962,-4.287809e-06,0.008830007,0.00422211,-0.0007364042,-0.006011203,-0.0009865686,-0.00012381747,0.0011702254,0.00041422062,-0.0035712123,0.005649465,0.00094147027,0.0011681542
IPSCG_E3_P5_IP_k27ac_F8,0.009836365,0.007411275,-0.0013199374,0.0045734122,0.010648141,-9.2580914e-05,0.0008186735,-0.00389041,-0.00024614483,-0.0040152,0.003098391,-0.0011181664,-0.0052265655,0.003623994,0.0026866347,-0.0020368397
IPSCG_E3_P5_IP_k27ac_J12,0.0068727247,0.0058323555,-0.006030917,0.0035914518,0.011286198,0.0062397867,0.003923949,-0.002061911,0.0027478337,-0.0041831993,9.863824e-05,-0.0033501107,-0.0034147538,-0.0033038538,0.0005937889,0.0007612854
IPSCG_E3_P5_IP_k27ac_J18,0.008062217,0.004830312,-0.0108343735,0.0027620904,0.016343307,0.0029508397,0.005215265,0.002955623,0.0017450154,-0.0044252686,0.0011616424,-0.003997991,-0.00039803423,0.003866748,0.0018232688,-0.0029293671
IPSCG_E3_P5_IP_k27ac_J20,0.006910991,0.005079981,-0.005852625,0.0027655587,0.019844417,0.0039765984,0.00053230673,-0.004594311,0.0013923422,-0.004607238,-0.0025746971,-0.004088996,-0.0027393885,0.0039478354,0.00034912676,-0.0021308586
IPSCG_E3_P5_IP_k27ac_J21,0.007077556,0.0053023733,-0.0073333904,0.0065022297,0.021940012,-0.0007063821,-0.000962317,-0.001888968,-0.0002143234,-0.0031133257,0.00022958964,-0.0034332667,0.0013792384,0.0043486226,0.003028199,-0.0034251735
IPSCG_E3_P5_IP_k27ac_J23,0.008043438,0.0058019497,-0.0027236417,0.0065717697,0.01194241,0.0018502697,0.0017856173,-0.0064443946,-0.001405403,-0.003058847,-0.00027830154,-0.000836961,-0.00015608594,0.0002057571,0.002740465,0.0005502403
IPSCG_E3_P5_IP_k27ac_J24,0.007830076,0.007407885,-0.003512971,0.0036515184,0.014150941,0.0010605454,0.0056547727,-0.0024176463,0.0009577796,-0.0029080734,0.00090403855,-0.004343303,-0.004233403,0.0030140998,0.004983671,-0.0044911876
IPSCG_E3_P5_IP_k27ac_J7,0.008362327,0.0067727156,-0.003310062,0.0052101426,0.01567653,0.0031630993,-0.0009329915,-0.0074884742,-0.002692625,-0.0031972416,0.0033237785,-0.0007708501,-0.0028467122,0.0074336277,0.006773211,-0.0016763955
IPSCG_E3_P5_IP_k27ac_J8,0.00595209,0.004433226,-0.0031996444,0.0030039623,0.013679482,0.001887925,-0.00040388852,-0.0040545836,0.0020872802,-0.00216268,-0.0015073493,-0.00068142824,0.0013057776,0.0030959304,0.0037485212,-0.004009217
IPSCG_E3_P5_IP_k27ac_J9,0.007893693,0.006529961,-0.0072221085,0.009084601,0.018343503,0.0026096255,-0.00041029975,-0.006648712,0.002321899,1.8365681e-05,0.0017802343,-0.001097573,-0.0022129752,0.005522814,0.002637811,-0.0038959533
IPSCG_E3_P5_IP_k27ac_K17,0.009143952,0.0009882674,-0.0013199449,-0.0003987588,0.014036742,0.0031925663,0.004192766,-0.003988087,0.0020417944,-0.0027560294,-0.00059662014,-0.0032055564,-0.0005071126,0.0032357555,0.00036622584,-0.00010030717
IPSCG_E3_P5_IP_k27ac_M17,0.0077287927,0.006450776,-0.0028057322,-0.00054571405,0.011853302,0.002983898,0.004300339,-0.0035591796,-0.0018918514,-0.0016441345,0.0014681667,-0.0022626221,-0.0012235977,0.0070066103,0.0013199449,0.00031848997
IPSCG_E3_P5_IP_k27ac_O17,0.0074402764,0.008205164,-0.006345451,-0.0007737689,0.0130305,0.003855899,-2.9429793e-06,-0.006013036,-8.457154e-05,-0.0025071986,0.0035024509,-0.0003085211,-0.0005465187,0.006515508,0.0016827285,0.0015694126
IPSCG_E3_P5_IP_k27ac_H13,0.011295993,0.0046519823,-0.0069584027,0.005235415,0.014237289,-0.0001340732,0.00846586,-0.0023451522,0.0034847632,0.00080324337,0.01077687,0.00015218556,0.0013525039,0.004714463,0.0062181205,-0.0015059933
IPSCG_E3_P5_IP_k27ac_A3,0.008804753,0.005480062,-0.0006305352,-0.0007756762,0.009354495,-0.00030623376,0.0025330223,-0.0059570596,-0.0019153059,0.0022905506,0.0024293065,-0.00036668777,-0.0018639229,0.003993392,0.0010961592,0.0007553026
IPSCG_E3_P5_IP_k27ac_G19,0.0076446347,0.009013128,-0.00135573,0.0027591288,0.011244401,-0.0017470643,-0.002221398,-0.0026107356,0.0032446831,0.00026223063,-0.0026235804,-0.0030984823,-0.004114164,3.941357e-06,0.00032152236,-0.0021991879
IPSCG_E3_P5_IP_k27ac_E19,0.012905162,0.011192653,-0.0017895177,0.0036069937,0.0070809377,0.001686506,0.0074824784,-0.00393413,-0.0051578805,-0.0015477501,0.005993828,0.0025050184,-0.0053413585,0.0047369692,0.0055277646,-0.001558058
IPSCG_E3_P5_IP_k27ac_C20,0.008648161,0.0035506077,-0.003344141,0.0008976981,0.016376553,0.0024857894,0.002417963,-0.001045905,-0.00170324,-0.001625441,-2.7321279e-05,-0.0033004228,-0.002230797,0.0036932928,0.0044976547,-0.0032708123
IPSCG_E3_P5_IP_k27ac_I12,0.00982295,0.0043653883,-0.003758192,0.0029749349,0.00993998,0.0023925975,0.0072101206,0.0034696087,-0.0011704639,0.0021632984,0.0029303357,-0.0008510854,-0.0017626192,0.0040329117,0.0045803413,-0.00013437867
IPSCG_E3_P5_IP_k27ac_B3,0.011117097,0.003265556,-0.0032173917,0.0025785714,0.011639648,-0.00045526028,7.038936e-05,-0.0018084645,-0.0019798651,-0.00011575967,0.0022768006,-0.0023564287,-0.0012696683,0.0009903572,0.004126601,-0.0013974011
IPSCG_E3_P5_IP_k27ac_E3,0.008485962,0.0065845884,0.00013911724,0.0009836182,0.008181391,0.006465003,0.006487755,-0.0049272254,0.001675494,-0.0029807948,0.0032907352,-0.0035048146,-0.005795326,-0.00032787956,0.0014826804,-0.0023663864
IPSCG_E3_P5_IP_k27ac_F20,0.00902319,0.005152341,-0.0035512596,-0.00049327686,0.0077523626,0.0034128204,0.0052863266,-0.0005519837,-0.0047825873,-0.00476237,0.006342493,-0.0011728387,-0.005342897,0.005666858,0.0019699708,-0.00012266636
IPSCG_E3_P5_IP_k27ac_I11,0.011473063,0.0019998997,-0.005187258,0.0028913245,0.014273266,0.003464222,0.0036345348,0.0029921085,-0.0002694577,0.00046927482,0.0029047877,0.0023236424,-0.001663113,0.0028855205,0.0041150674,-0.005747102
IPSCG_E3_P5_IP_k27ac_I22,0.011230823,0.0058113076,-0.0007067546,0.0055034384,0.013725332,0.0061871484,3.825873e-05,-0.0058505684,-0.0003318712,0.0019410476,-2.1874905e-05,-0.00042399764,-0.004251428,0.0006095562,0.0072021484,-0.002726294
IPSCG_E3_P5_IP_k27ac_B2,0.00948875,0.005115222,-0.009964846,0.0010926016,0.016537406,0.00011282414,0.0028705187,-0.0036360621,-0.00062799454,-0.0040809624,0.003170766,-0.0045614894,-0.0031041913,0.0037740665,0.0028575882,-0.00014128536
IPSCG_E3_P5_IP_k27ac_C13,0.012506854,0.0037544258,-0.0046823993,0.0033903308,0.01709084,-0.002370067,0.007903004,-0.0015838742,-0.006235987,-0.00043951347,0.005962424,-0.00019397773,-0.0032405183,0.0028610732,0.007865548,-0.0042963326
IPSCG_E3_P5_IP_k27ac_C18,0.005585868,0.0058132075,-0.00092507154,-0.00071746483,0.010579339,0.0038774759,0.005270358,0.00037707388,-0.00034074485,-0.00017362088,0.00087780505,-0.0032755155,-0.002564514,0.005404517,-3.6261976e-05,-0.0039359406
IPSCG_E3_P5_IP_k27ac_C23,0.010755446,0.0051969998,-0.0020503476,-0.0017552488,0.014027976,0.0027769282,0.0018887855,-0.0038187578,-0.004708141,0.001705043,-0.00014677644,-0.0016106628,-0.0030911807,0.0035621691,0.0042267293,-0.004296817
IPSCG_E3_P5_IP_k27ac_E4,0.010358237,0.008700777,-0.0013345331,0.0029688813,0.0108487625,0.0030501112,0.006883625,-0.0030656233,-0.0013796166,0.001181867,0.0020266548,-0.0015586335,-0.005933553,0.0032478683,0.0031502768,-0.002625659
IPSCG_E3_P5_IP_k27ac_F3,0.011473056,0.005813595,-1.2733042e-05,0.002353955,0.0054381434,0.0038419068,0.0022819638,-0.0048751757,-4.3079257e-05,-0.0039196946,0.002951622,-0.0033592843,-0.0041110925,0.0005205348,0.0032398924,3.5762787e-07
IPSCG_E3_P5_IP_k27ac_H22,0.011192527,0.00617053,-0.0054742917,0.0075616203,0.018064357,0.0022354051,-0.001496397,-0.005741313,-9.158254e-05,0.0010723211,0.003759794,0.004139973,-0.0013492107,0.004871129,0.004518017,-0.0034198612
IPSCG_E3_P5_IP_k27ac_H3,0.009010155,0.005621437,-0.002679564,0.0040987544,0.012105757,0.0032369047,0.0023196153,-0.004969083,-0.00041451305,-0.00090427324,0.002900891,-0.001954874,-0.0007401332,0.0030544056,0.0035190955,-0.00103876
IPSCG_E3_P5_IP_k27ac_J13,0.00777537,0.004760843,-0.0053950325,0.0019084103,0.011601961,-0.005450599,0.010899223,-0.002272047,-0.0013787374,-0.0053545013,0.002893567,0.0004993286,-0.0016564801,2.9686838e-05,0.006267704,0.00038531423
IPSCG_E3_P5_IP_k27ac_M2,0.013496991,0.0046104006,-0.008871146,0.0039462075,0.016581854,0.0036140606,0.0020064935,-0.0028371364,-0.0021496192,-0.002706129,0.0024873316,-2.0744279e-05,-0.003072951,0.0032958332,0.003585294,-0.0018941239
IPSCG_E3_P5_IP_k27ac_E20,0.006362915,0.006925147,-0.004084982,-0.0007748492,0.0134220375,0.0023021996,0.009814063,-0.0012991428,0.00057371706,-0.001277756,0.0006561503,-0.0026226677,-0.007353816,0.0043750666,0.0025994107,-0.004276864
IPSCG_E3_P5_IP_k27ac_I20,0.0074841715,0.0008314699,-0.0028331503,-0.002707146,0.0112796305,0.0054155737,0.007803468,0.0002554506,-0.0014730394,0.00048325583,0.0023271143,-0.005759107,-0.00066430867,0.009886189,0.0017359853,-0.0032161176
IPSCG_E3_P5_IP_k27ac_M22,0.011147123,0.006218586,-0.00050497055,0.003864292,0.017226206,0.0034333616,0.002127912,-0.005148992,-0.00030038506,0.00042084232,-0.00027547777,-0.000121537596,-0.004312476,0.0018917965,0.0032692775,-0.0040026754
IPSCG_E3_P5_IP_k27ac_F11,0.008638505,0.0073706917,-0.0033667088,0.0013925023,0.0059440136,0.0023907423,0.007015191,-0.0014908239,-0.0008569434,-0.003323201,0.004178807,-0.00022325665,-0.0065989196,0.005079508,0.002612248,-0.0031859577
IPSCG_E3_P5_IP_k27ac_F19,0.010579366,0.0057010986,-0.002054289,0.0016398169,0.006016831,0.0028669536,0.0065681115,-0.0015063137,0.0004714951,-0.00515778,0.003362909,-0.0019005705,-0.005956093,0.0026786476,0.00062707067,0.0007653013
IPSCG_E3_P5_IP_k27ac_F2,0.010572892,0.006558653,-0.005484566,0.0026447214,0.009413515,0.001223661,0.004013447,-0.0026352853,-0.0027412325,-0.0045114234,0.004801169,0.0001720842,-0.0048958417,0.002571933,0.0030015036,-0.0018683821
IPSCG_E3_P5_IP_k27ac_F21,0.011759456,0.0058647953,-0.00219059,0.0029993802,0.012087428,5.760044e-05,0.0035792347,-0.00052865595,-0.003055513,-0.0042192377,0.0034654662,-0.0020682383,-0.003998855,0.0026894324,0.0050119385,-0.0026829392
IPSCG_E3_P5_IP_k27ac_A8,0.008957986,0.008017343,5.787611e-05,0.0018023886,0.011846684,0.0014435127,0.001025375,-0.005255595,0.0040344894,0.0043422207,-0.0012275204,0.0013975594,-0.0016609356,0.0033614663,0.0014595613,-0.0029190928
IPSCG_E3_P5_IP_k27ac_M18,0.011170886,0.0045285113,-0.008031569,-0.000582885,0.0126961665,0.0035721362,0.004212847,0.0015765727,-0.0020415336,0.0009460002,0.0022843555,0.00026927702,-0.00033957884,0.005611139,0.0012790635,-0.002069831
IPSCG_E3_P5_IP_k27ac_M21,0.010019708,0.0070346184,-0.0022153035,-0.0028677955,0.014136578,0.0057485104,0.005229648,-0.001301609,-0.0017566085,0.00054418296,-0.00018649548,-0.000961395,-0.0011152513,0.0038053188,-0.0006067902,-0.0018932
IPSCG_E3_P5_IP_k27ac_M23,0.010623332,0.010133181,-0.004052028,0.0017301962,0.011258701,0.004144937,-0.00011906028,-0.00355006,-0.003966972,0.004326757,0.001422815,-0.0023857784,-0.0026955158,-0.00074424874,0.0051752552,-0.0033572838
IPSCG_E3_P5_IP_k27ac_M7,0.0052904673,0.00756095,-0.0033764914,0.00095855445,0.00764524,0.0027966723,0.0022740737,-0.007983819,-0.0017162114,-0.0004674308,0.005592078,-0.00063767657,-0.00055317953,0.00813649,0.006811999,0.002430603
IPSCG_E3_P5_IP_k27ac_M9,0.011484083,0.007929336,-0.0036325157,0.005004596,0.012947966,0.0046951547,0.0033826493,-0.0036108792,-0.0006608367,0.0024906807,0.003144972,0.00098392,-0.0034799632,0.00685701,0.0054264814,-0.0046539903
IPSCG_E3_P5_IP_k27ac_N24,0.0075808726,0.006049823,-0.0048658103,0.002426546,0.013898621,0.0042031854,0.0073678065,0.0011804402,0.0015069097,-0.0037627853,0.0041135475,-0.002897244,-0.0017174371,0.0054671066,0.004888937,-0.0023607686
IPSCG_E3_P5_IP_k27ac_O8,0.007493891,0.004792001,-0.0047525316,-0.0006329939,0.013577423,-0.0023114681,0.00080924854,-0.0004415214,0.0033632591,0.000632029,-0.00093058497,-0.0003104601,0.00045317225,0.0041425116,-0.0003906712,-0.0035994947
IPSCG_E3_P5_IP_k27ac_P18,0.005205814,0.00045420974,-0.0075888187,-0.0013187975,0.008669499,0.0011505634,0.0028045662,-0.0002027899,-0.0005270019,-0.00025752932,0.007467404,0.0016380958,0.0033331513,0.0057682013,0.004623726,-0.0025616288
IPSCG_E3_P5_IP_k27ac_E2,0.009405822,0.007076677,-0.009468615,0.0026323833,0.013082603,0.0036452264,0.0060150158,-0.0017694756,-0.0008856505,-0.0057757758,0.004257284,9.54736e-05,-0.005239349,0.0015879823,0.0027206242,-0.0028983206
IPSCG_E3_P5_IP_k27ac_H19,0.0069950335,0.010626402,-0.0032710508,0.002007272,0.0046019508,0.007000521,0.0025059432,-0.0039690733,0.0016060919,-0.004008364,0.006386459,0.0014599618,-0.006721422,0.006827867,-1.5355647e-05,-9.94131e-05
IPSCG_E3_P5_IP_k27ac_O19,0.0093459375,0.007225994,-0.0009290725,0.0013135113,0.007436672,0.0023274943,0.005336672,-0.0030287579,0.0001527667,-0.0069922917,0.0007159412,0.0002445653,-0.005229857,0.0034458581,-0.0018662512,-0.00023187697
IPSCG_E3_P5_IP_k27ac_E11,0.015174966,0.009490091,-0.00091029704,0.0041886605,0.007859616,0.0017143711,0.0068968367,-0.0014366806,-0.0036347136,-0.0018929914,0.0045530796,0.0035972856,-0.0057802424,0.0030286163,0.005073376,-0.005407363
IPSCG_E3_P5_IP_k27ac_E18,0.007278163,0.01074357,-0.003909044,0.001878377,0.0086759655,-0.0016707852,0.008496262,0.0046610013,-0.0030908063,0.0035113543,0.006855361,0.0041633025,-0.00954994,0.0013570795,0.0035919622,-0.009838864
IPSCG_E3_P5_IP_k27ac_E21,0.009832576,0.00915936,-0.0020122603,-0.00020141527,0.0054387636,0.0033672228,0.009318426,1.4401972e-05,-0.0042707175,-0.0022690147,0.0060909763,-0.0007018,-0.00630017,0.00523548,0.0047642216,-0.0055413544
IPSCG_E3_P5_IP_k27ac_E24,0.010738011,0.009478841,-0.0037522241,0.004560776,0.008892169,-0.00011282414,0.008972557,-0.0011066124,-0.0021184385,-0.0032296218,0.0050313696,-0.0015313774,-0.0015989188,0.0007377602,0.0055409446,-0.0032971427
IPSCG_E3_P5_IP_k27ac_E7,0.0036839843,0.010062311,-0.003699392,0.004386708,0.010034461,0.0020674914,0.0069967397,-0.0049724057,-0.0012680516,-9.114295e-05,0.00089062005,0.00028723292,-0.007403083,0.0068390905,0.0041778088,-0.0021717176
IPSCG_E3_P5_IP_k27ac_P12,0.005820684,0.007077072,-0.006352119,0.00032981858,0.0096237315,0.0009294823,0.0046785437,-0.0042191744,0.001485765,-0.002956573,-0.0007742122,0.0011938363,-0.0053339563,0.00013536774,0.0010183305,-0.0017221496
IPSCG_E3_P5_IP_k27ac_A12,0.003908485,0.00827099,-0.007050626,0.0024138726,0.0069123274,0.0034252629,0.004571287,-0.004839383,-0.0018450022,-0.0014410615,0.00417722,-0.0013604965,-0.007862033,0.003959935,0.0017743409,-0.0021631941
IPSCG_E3_P5_IP_k27ac_F13,0.011264492,0.0045406856,-0.0049517974,-0.0012512542,0.0061504673,-0.00065258145,0.0033158697,-0.0019613355,-0.0026150122,-0.0060995184,6.6533685e-06,-0.0018861182,-0.007334031,0.0005941512,0.0008488968,-0.0006422624
IPSCG_E3_P5_IP_k27ac_F23,0.011544306,0.0055393837,-0.0033082217,0.0041004643,0.011719802,2.0034611e-05,-0.002660118,-0.004598677,-0.0071787685,-0.00469942,0.006043747,0.0029638903,-0.0061124936,0.0030706823,0.0056286827,-0.0028326735
IPSCG_E3_P5_IP_k27ac_G23,0.00922662,0.005220201,-0.005222015,-0.001552891,0.011605798,0.0020347312,-0.00039674714,-0.0011804104,-0.0076713488,0.007610958,-0.0029717386,0.004296217,0.00045051798,0.008164648,-9.0658665e-05,-0.0027440116
IPSCG_E3_P5_IP_k27ac_A22,0.010059558,0.00952236,-0.0018360242,0.00729895,0.013723203,0.0057234764,-0.0011885986,-0.0071416125,0.0015765205,0.00051018596,-0.0022809505,0.0018376298,-0.006925663,-0.0014216788,0.0018999204,-0.0012441501
IPSCG_E3_P5_IP_k27ac_G22,0.0054464787,0.006491203,0.0033279285,0.004066646,0.011230749,0.0035833567,0.00050791353,-0.008867964,0.00012210011,0.003905937,-0.003136456,0.00030401722,-0.0035666842,0.0032309797,0.001474902,-0.0008692518
IPSCG_E3_P5_IP_k27ac_N10,0.01038212,0.002839949,-0.0036554784,0.0059376583,0.013709244,0.002904199,0.004573472,-0.0028852895,-0.0005060211,-0.0018670522,0.004713781,-0.001770651,-0.0020297207,0.0016602706,0.0052595884,-0.00086232275
IPSCG_E3_P5_IP_k27ac_N11,0.009709291,0.004144337,-0.0035432428,0.003051702,0.009470597,-0.00020893663,0.0061986744,0.0029180422,-0.0015673935,-0.00089810416,0.0025597438,0.00051007234,-0.0035235286,-0.0019657882,0.0051325336,-0.0048443154
IPSCG_E3_P5_IP_k27ac_N13,0.012307581,0.0038675852,-0.004922077,0.0061029643,0.015062467,-0.00012273341,0.009899864,-0.0014600307,-0.0008154735,-0.0022990815,0.0064652413,-0.005323259,-0.0032816865,0.0016363282,0.011263445,-0.0038628653
IPSCG_E3_P5_IP_k27ac_N22,0.011887919,0.00646038,-0.0029827505,0.007785842,0.023052087,0.003117144,0.00095384195,-0.0040382445,0.0012334138,-0.0018191263,0.00078865886,-0.0023305435,-0.0043986924,-0.000862509,0.0044637546,-0.003787689
IPSCG_E3_P5_IP_k27ac_O22,0.007962223,0.0027330033,-0.0026383474,0.0015252829,0.015621339,0.003895156,0.00077076256,-0.0030271262,0.0012820736,-0.0045576207,-0.00060337037,-0.00018261187,-0.004552206,0.0027961945,-0.0003957525,-0.002893351
IPSCG_E3_P5_IP_k27ac_B24,0.012560178,0.008028578,-0.0039282665,-0.0019990467,0.007745209,0.0014745742,0.0032637455,-0.0012309104,-0.00020816177,0.0041059107,0.0029560402,-0.001922166,-4.8050657e-05,0.0065151714,0.0020584688,-0.0010839552
IPSCG_E3_P5_IP_k27ac_H24,0.012693796,0.009769935,-0.0044962317,0.0049618296,0.014081529,0.0010448396,0.0025291182,-0.0015988052,-0.00026524067,-0.0061704144,0.0017974004,-0.0007243529,-0.004215665,0.002530586,0.0023320764,-0.0026284829
IPSCG_E3_P5_IP_k27ac_A24,0.008756351,0.0067258812,-0.0034859404,0.0019044727,0.008416995,0.00042834878,0.001024425,-0.0021307021,-0.0030362457,0.0012352765,0.0035859495,-0.0011020694,-0.0008069724,0.0037172232,0.0055449232,0.0013865754
IPSCG_E3_P5_IP_k27ac_O11,0.009879045,0.0041016825,-0.0096612945,-0.0008007251,0.00981652,0.005824335,0.007384669,0.0009444058,-0.0033515915,-0.0012609884,0.006035343,0.00092222914,5.7380646e-05,0.004034357,0.0036481172,-0.0015358105
IPSCG_E3_P5_IP_k27ac_O12,0.0053476393,0.0044522546,-0.006124966,0.0011815242,0.011155861,0.0039232746,0.007822815,0.0027301311,-0.000552617,-0.0011317171,-0.0024158284,-0.0051764287,-0.0018386729,0.004180965,0.0007795915,-0.0017002374
IPSCG_E3_P5_IP_k27ac_O16,0.007021364,0.0029219277,-0.0009901449,0.0015158951,0.013491998,0.0028726608,0.00041553378,-0.0037786812,0.0027001128,-0.0028822161,0.0008700192,-0.0006462876,0.0019936413,0.007487569,0.0012991354,-0.0012194216
IPSCG_E3_P5_IP_k27ac_O24,0.009493846,0.0076210685,-0.008337408,0.0012303181,0.01585556,0.0032236502,0.003646627,-0.0017489344,0.00030896068,-0.0014151894,0.004018858,-0.0010419227,-0.0015300699,0.0077696107,0.0050136447,-0.001794003
IPSCG_E3_P5_IP_k27ac_O7,0.007265825,0.0012447424,-0.0073695406,0.0009751357,0.01881332,-0.00191769,0.0024577715,-0.0040926263,-0.0015277863,-0.002825398,0.0012608245,-0.005572414,-0.0010314584,0.0068415646,0.0030943826,-0.00060828775
IPSCG_E3_P5_IP_k27ac_O9,0.014297236,0.009411138,-0.0063184127,0.0030743815,0.014433777,-0.002399899,-0.0017702021,-0.005604692,-0.0023791417,-0.0016682558,0.0070796385,0.00026180968,-0.0014933422,0.004716725,0.004211776,-0.0011637434
IPSCG_E3_P5_IP_k27ac_H7,0.004567895,0.0065191947,-0.0064524934,0.003493864,0.0110464515,0.0013150424,0.00037464127,-0.003799878,-0.0017646402,-0.0018769838,0.005682312,-0.00035482086,-0.0040417295,0.008818485,0.006142162,0.00070460886
IPSCG_E3_P5_IP_k27ac_H18,0.009138558,0.0039195605,-0.007665135,0.0019596592,0.016939225,0.00027056038,0.0020897165,0.00017564744,0.0011850372,-0.0026701912,0.0071493313,-0.0003978461,0.0020274892,0.0053791674,0.0023204088,-0.0037192851
IPSCG_E3_P5_IP_k27ac_A20,0.008131843,0.0066416897,-0.0034524575,0.00030662864,0.011897332,0.0059118792,0.005671758,-0.0023992509,-0.0010895282,0.00077517703,0.003926955,-0.0004894566,-0.004827246,0.0038596336,0.0028145239,-0.0018573627
IPSCG_E3_P5_IP_k27ac_B21,0.012114804,0.007722143,-0.009978451,2.2690743e-05,0.014594317,0.0011567697,0.0023612343,0.0009382367,-0.0076529384,-0.00017317757,0.0049874336,-0.00030904822,-0.0008149147,0.005172737,0.00514926,-0.0023253933
IPSCG_E3_P5_IP_k27ac_H20,0.008467417,0.0064564236,-0.0077210963,0.004128523,0.02029511,0.0013648197,-0.0005814433,-0.002238147,0.0010516047,-0.0032393746,0.0041956604,-0.0011036266,-0.0024735425,0.0083714165,0.0017363131,-0.005511731
IPSCG_E3_P5_IP_k27ac_K18,0.010533381,0.0024852343,-0.0035373569,0.00013069808,0.012919239,-0.0013049394,0.0076006725,0.0015049949,0.0011302456,0.003649179,0.003186874,-0.0031059813,0.0012053922,0.0019371156,0.00024173409,-0.0035518855
IPSCG_E3_P5_IP_k27ac_F18,0.0062080137,0.0029360242,-0.00089854747,0.00081892684,0.00670678,0.0029413924,0.0029663257,-0.0061406195,-0.0027483702,-0.006796647,0.0033335239,0.0018576179,-0.0049730632,0.0029777735,0.0045331344,-0.0021001324
IPSCG_E3_P5_IP_k27ac_K9,0.01333857,0.0044145994,-0.0038761422,0.0030433163,0.014474217,0.002724573,0.005379036,-0.0035977513,6.536394e-05,0.0024854355,0.0013110265,-0.0013953857,-0.0020975396,0.0044479724,0.0018571541,-0.004541941
IPSCG_E3_P5_IP_k27ac_O23,0.011881847,0.0048033185,0.0011275336,0.0024272837,0.0054330165,0.0053820834,0.004279837,-0.0031276941,-0.0067623407,-0.0023976043,-0.002016604,0.0019804323,-0.0031083822,-0.0015624948,0.004664704,-0.0026284456
IPSCG_E3_P5_IP_k27ac_K12,0.010326073,0.0004445128,-0.0060051456,-0.001885917,0.014692703,0.0014166087,0.008731987,0.0002438575,0.0009477064,-0.00010323897,0.0007734969,-0.0018038955,-0.0041375738,0.0008772388,-0.0014473088,-0.002635546
IPSCG_E3_P5_IP_k27ac_I15,0.007990148,0.0062381737,0.0038355514,0.007920753,0.009100475,0.0066875443,0.0009806603,-0.0043627694,-0.001360096,-0.0018286444,0.0034610406,-0.0017221943,-0.0046292935,0.0019092057,0.0075217634,-0.00019467622
IPSCG_E3_P5_IP_k27ac_A21,0.01184196,0.010524925,-0.0041129217,0.0043244027,0.010538116,0.0012907088,0.004117975,-0.004061766,-0.0049819574,0.004125528,0.0037203282,0.0013394468,-0.0023890696,0.006662415,0.006030418,-0.0034501702
IPSCG_E3_P5_IP_k27ac_A10,0.007951312,0.007584151,-0.0021990836,0.005930338,0.007793947,0.0015499443,-0.0004086122,-0.007048525,-0.0027717054,-8.083135e-05,0.001706712,0.00039091706,-0.004111761,0.0033326168,0.0052179694,0.0020880103
IPSCG_E3_P5_IP_k27ac_I18,0.009792294,0.0052369125,-0.0005961433,0.0003949739,0.011185407,0.002352044,0.0030607656,-0.0011850819,0.0009693578,0.0044498406,0.0032540187,-0.0053477846,0.0008462388,0.0055458792,0.003566794,-0.002142243
IPSCG_E3_P5_IP_k27ac_K13,0.010460351,0.0011056587,-0.0003014356,-4.0706247e-05,0.011418916,-0.0010401756,0.01045388,-0.0030637383,0.0044220984,0.0018982328,-0.0045453086,-0.0018691514,-0.0007948894,-0.0019663647,-0.00061699376,-0.001071386
IPSCG_E3_P5_IP_k27ac_A9,0.009608548,0.011571448,-0.004898615,0.0053488538,0.013547411,0.0061719865,-0.0010551773,-0.0074570775,0.0010686442,0.0040252768,0.0036616996,0.0011863746,-0.0044732466,0.00936898,0.003946297,-0.003733866
IPSCG_E3_P5_IP_k27ac_H12,0.0074165314,0.0049842037,-0.004744135,0.00402046,0.015581308,0.00048568845,0.0023850836,-0.0012611449,0.0036193654,-0.0032638162,0.0019649193,-0.0015361626,-0.0015543792,-0.0007557608,0.0021001026,-0.0036744848
IPSCG_E3_P5_IP_k27ac_H11,0.008961372,0.006966565,-0.0060570017,0.0017375164,0.011269174,0.0013860166,0.0024529211,-0.00019793957,0.00013886392,-0.0029509552,0.0029652864,0.0015118215,-0.001794571,0.00680302,0.0027877316,-0.0024892017
IPSCG_E3_P5_IP_k27ac_H2,0.012913901,0.00738189,-0.009616762,0.00963515,0.01821027,-0.0017180368,0.0013704151,-0.0018151328,0.00052915514,-0.0025234334,0.008633494,-0.0019305777,-0.0040634833,0.0018511908,0.005599268,-0.0043973625
IPSCG_E3_P5_IP_k27ac_H21,0.011393741,0.0068327375,-0.0033459142,0.005282864,0.012993236,0.00033929944,0.0035266504,-0.0026395172,-0.0060921907,-0.002004236,0.0045479685,0.0008409489,6.007962e-05,0.005957862,0.0040374845,-0.0038821995
IPSCG_E3_P5_IP_k27ac_H23,0.01508389,0.008604612,-0.005737394,0.0020218939,0.009285312,0.0026773438,0.0021096766,-0.0070676357,-0.007971473,0.0012967102,0.0068777874,0.0046990495,-0.0027324632,0.0035338849,0.0075079054,-0.004215561
IPSCG_E3_P5_IP_k27ac_A23,0.012092706,0.010123137,-0.0024833456,-0.0018588752,0.0011388992,0.00442978,0.0050346144,-0.0036137477,-0.007388741,0.003932189,-0.00054201484,0.005627269,-0.007448377,-0.00066908635,0.0010601431,-0.0021082982
IPSCG_E3_P5_IP_k27ac_E15,0.010764793,0.004238587,0.0004944876,0.0015978888,0.0036225442,0.00019311905,0.0062049665,-0.004603334,-0.00612358,-0.0045060962,0.0026852638,0.001790328,-0.008609559,-0.0004193075,0.004434906,0.0012622774
IPSCG_E3_P5_IP_k27ac_A2,0.010515448,0.0057415627,-0.0063704923,0.0027314462,0.011004359,0.00081595033,0.00045283884,-0.003543675,-0.00300885,-0.00032613054,-0.0012751073,-0.00029572286,-0.006652776,0.0017866045,-0.0002747774,-0.0024456605
IPSCG_E3_P5_IP_k27ac_G18,0.009574577,0.011634093,-0.0009782091,0.0049377866,0.012949037,0.0070064813,0.00010934472,-0.0005407855,0.0023766235,0.007712316,0.0008616522,-0.0012233593,-0.003375195,0.007301989,-0.0006592497,-0.0032772496
IPSCG_E3_P5_IP_k27ac_I23,0.014874242,0.0029790513,0.0008204952,0.0023740306,0.009898529,0.0028161332,0.0015039444,-0.004222609,-0.004375756,0.00019692257,0.0017846078,0.00014278293,-0.0011937805,0.0015652515,0.007400453,-0.0018326268
IPSCG_E3_P5_IP_k27ac_I7,0.009341206,0.0015535168,-0.003541164,0.0039987788,0.0065902974,0.0049105734,0.0039457865,-0.0007994026,-0.0032874122,0.0007084869,0.0035007372,-0.0013769418,-0.005158063,0.0047408994,0.007677704,0.0018366575
